,STATIC,BINARY,DOME,LSTM,tLSTM,GRU,GRU-D,BEHRT,RETAIN,Dipole
0,"[0.03956924683874746, 0.16697731717094166, 0.24636292666545415, 0.34462139861980057, 0.4343258302400377, 0.547027375344549, 0.6494061171220328, 0.7504337315342492, 0.8258196242411698, 0.9621432487521181]","[0.040738240732793286, 0.16276401910650126, 0.246617112778643, 0.35036552239059215, 0.45792745387262335, 0.5439276107091267, 0.6285996397554398, 0.7377865577481598, 0.8458037789441705, 0.9629958397810127]","[0.04581806133151993, 0.1450422440482031, 0.24567441608366314, 0.3411373285073502, 0.45621863401229884, 0.5364825377380592, 0.6499403145866256, 0.7541218744965339, 0.8622128530987974, 0.9502318425375486]","[0.06701919695957313, 0.14522654445082023, 0.23848078554539423, 0.34815821899518484, 0.45440857784130806, 0.5469723828963032, 0.6404726430942128, 0.7393906852864858, 0.8621002549918542, 0.9271364595337976]","[0.03845140645943613, 0.1516801581373636, 0.24529040842988864, 0.33472315663008734, 0.45331509064443604, 0.5514238688521135, 0.6296901603896976, 0.7466933081122843, 0.8479875777028019, 0.9714742788851576]","[0.04538544568807315, 0.18138123839833142, 0.23674840208625542, 0.3541955776042463, 0.4631210297896629, 0.5293313335760683, 0.6560028380636822, 0.8181045581488359, 0.9788956226698737]","[0.03597134382724366, 0.14494135227128502, 0.2464582397614739, 0.3393616811194983, 0.4454033668188973, 0.5604045564163266, 0.6588828432033761, 0.7619825515780196, 0.8475501090202733, 0.9738214542553931]","[0.0398497743483159, 0.15353070660168924, 0.24935275002193066, 0.3544724670595257, 0.4527125290703237, 0.5442949561957507, 0.6467146463131574, 0.7514342805183285, 0.8478303897702125, 0.9551378156445723]","[0.05599925323350379, 0.16800117499150716, 0.24510014536005295, 0.3483617240228291, 0.45219365273788376, 0.5492020030815188, 0.6295282671254697, 0.7338090665165243, 0.8595889230424276, 0.9782224909259294]","[0.03078302284312665, 0.178477592656241, 0.24252570170761623, 0.34843257946641076, 0.4523388687562346, 0.5280106627903439, 0.6478178966298023, 0.7321082537280792, 0.8680296931345902, 0.9588178789508649]"
