,STATIC,BINARY,DOME,LSTM,tLSTM,GRU,GRU-D,BEHRT,RETAIN,Dipole
0,0.6488856845230502,0.7708333333333334,0.7457995248167775,0.6383106423916777,0.7135416666666666,0.6747905867299505,0.7990604811790906,0.6810256871969467,0.6488856845230502,0.7036456405748563
1,0.5121945192780959,0.6045237883280443,0.563883874434601,0.5416666666666666,0.5760658398584765,0.49520922090665725,0.6747905867299505,0.4982392488040265,0.5163977794943222,0.6892216298306771
2,0.4666666666666667,0.6215847424783509,0.5760658398584765,0.5673665146135801,0.4526478209210385,0.5673665146135801,0.7129508706711437,0.4855068898221385,0.4666666666666667,0.6176704257531587
3,0.6190248443982569,0.741940826802374,0.8001322641986387,0.5551127486999479,0.5760658398584765,0.5097486431805105,0.6204061800126961,0.6525795848152536,0.5340473948643673,0.5573638074115582
4,0.5975460019862872,0.7722492140123949,0.8023774198028779,0.7283010456160034,0.7695813328308027,0.6837493894061094,0.8887354759818338,0.7129508706711437,0.6176704257531587,0.8296207957955893
