,STATIC,BINARY,DOME,LSTM,tLSTM,GRU,GRU-D,BEHRT,RETAIN,Dipole
0,"[0.030801739631863844, 0.15336197248418326, 0.24636786785943512, 0.34317440640029134, 0.44961733577662466, 0.5520827584040465, 0.6386157332869877, 0.7501413418676118, 0.8522424515718743, 0.961938429094447]","[0.0393157879092979, 0.14865515996289466, 0.243496767306255, 0.3495148309501263, 0.45019238372673276, 0.5555450478623326, 0.6492321122512236, 0.7596789993832868, 0.857353560492886, 0.9473292402909101]","[0.043515260008753213, 0.14570423891671969, 0.24492994178600955, 0.347769286287475, 0.4500771865659525, 0.5460081396043366, 0.6478797500945098, 0.7387579427910931, 0.8425601312431868, 0.959305705763678]","[0.028422807436606034, 0.14674639378852014, 0.24515067815735853, 0.34656429483091905, 0.4521280020989138, 0.5615137403567232, 0.6602707536639171, 0.7312240197001786, 0.8358709814347497, 0.9673618907003161]","[0.02358488063469512, 0.1441645755770993, 0.24396425190953322, 0.3476470157092033, 0.4477966838988041, 0.5405403088478815, 0.6398439125263103, 0.7452918849307353, 0.8315016088888094, 0.984210028482859]","[0.021608479917284668, 0.13684083639862904, 0.23337698536624743, 0.3475088274796199, 0.45348921518427143, 0.5614262962454852, 0.6622012067503733, 0.7701007468208896, 0.839926845712442, 0.9894079361514792]","[0.0322350800172147, 0.1420913291893301, 0.23986135884422857, 0.3393105634734961, 0.45046089700360586, 0.5528527963767806, 0.6342796876560362, 0.7468636295979565, 0.8624309219379217, 0.9580661788571414]","[0.04111221650730061, 0.14471730213654707, 0.2465752320392751, 0.3445270668933389, 0.4533709209493087, 0.5570344415239974, 0.6553538185541197, 0.7373808710779463, 0.8509461008707749, 0.9540387101781268]","[0.06592154808104277, 0.15104381823786098, 0.23855766515369647, 0.35153783054770016, 0.4530178407582905, 0.5485673130858447, 0.6465335642253577, 0.747736932662545, 0.8401905906455235, 0.9423745677302148]","[0.03422677635880956, 0.14133705961419363, 0.2501423351311555, 0.342831429583217, 0.45324653444668156, 0.5406441326261782, 0.6383978128282819, 0.7304968819879748, 0.9806975741247589]"
